Type,SKU,Name,Published,"Is featured?","Visibility in catalog","Short description",Description,"In stock?","Regular price",Categories,Tags,Images,"Meta: _kc_quote_only"
simple,KC-PIPE-CS-ERW,"Carbon Steel Pipe — ERW",1,0,visible,"Electric Resistance Welded carbon steel pipe, 1/8"" to 72"" NB.","<ul><li>Size: available in sizes from 1/8"" through to 72"" Nominal Bore</li><li>Schedule: 40, XS, 80, 120, 160, XXS &amp; STD</li><li>Grades: API 5L Grade B, A671 Grade CC60 Class 12/22, A671 Grade CC70 Class 12/22, A312 Grade TP316 A358. Special grades available on request</li><li>Standards: ASTM A53, A134, A135, A252, API 5CT/5L, DIN1626, ASTM A500, etc.</li></ul>",1,,"Pipes > Carbon Steel Pipe",,,1
simple,KC-PIPE-CS-SMLS,"Carbon Steel Pipe — Seamless",1,0,visible,"Seamless carbon steel pipe, 1/8"" to 72"" NB.","<ul><li>Size: available in sizes from 1/8"" through to 72"" Nominal Bore</li><li>Schedule: 40, XS, 80, 120, 160, XXS &amp; STD</li><li>Grades: A106 Grade B, A333 Grade 6, API 5L X52, A312 TP 316. Special grades available on request</li><li>Standards: ASTM A106, API 5L, A179, A192, A210, A252, A333, A519</li><li>Brands available: Sumitomo, Chengdu, Bentler, Tubos, Interpipe, Mittal, TMK, TPCO, Al-Jazeera, SSP, Hyundai, JESCO</li></ul>",1,,"Pipes > Carbon Steel Pipe",,,1
simple,KC-PIPE-SS,"Stainless Steel Pipe — SMLS / ERW",1,0,visible,"Seamless & ERW stainless steel pipe, 1/4"" to 48"".","<ul><li>Size: 1/4"" up to 48""</li><li>Schedule: 10, 40, 80</li><li>Grades: 201, 202, 301, 302, 302HQ, 303, 304, 304L, 304F, 309, 310, 310s, 314, 314I, 316, 316L, 316Ti, 316F, 317, 317I, 321, 409L, 410, 410S, 416, 420, 420J1, 420JS, 430, 430F, 431</li><li>Standards: ASTM A321, ASTM A213, ASTM A269</li></ul>",1,,"Pipes > Stainless Steel Pipe",,,1
simple,KC-PIPE-DSS,"Duplex Stainless Steel Pipe",1,0,visible,"Duplex & super duplex stainless pipe, 1/4"" to 48"".","<ul><li>Size: 1/4"" up to 48""</li><li>Schedule: 10, 40, 80</li><li>Grades: UNS S31803, S32750, S32760, S32205, F51, S32550</li><li>Standards: ASTM A358, A789 / ASME SA 789, ASTM A790 / ASME SA 790</li><li>Brands available: Tubacex, Sandvik, Sanyo, DEI, China, Froch, Ta Chen</li></ul>",1,,"Pipes > Duplex Stainless Steel Pipe",,,1
simple,KC-PIPE-CU,"Copper Pipes & Coils",1,0,visible,"Copper tube and coil, Type K & L, American and British standard.","<ul><li>Spec: Type K &amp; Type L American Standard, Grade ASTM B88 &amp; WWT-799</li><li>Spec: Table X in British Standard, Grade BS 2871</li><li>Brands: Mueller, Yorkshire, Cambridge</li></ul>",1,,"Pipes > Copper Pipes & Coils",,,1
simple,KC-PIPE-HDPE,"HDPE Pipes",1,0,visible,"High-density polyethylene pipe for water, sewage & industrial lines, 20mm–500mm.","<ul><li>20–63mm OD, PN16 — water &amp; irrigation</li><li>75–110mm OD, PN16 — water &amp; sewage</li><li>125–200mm OD, PN16 — water transmission</li><li>225–315mm OD, PN10/16 — municipal &amp; industrial</li><li>355–500mm OD, PN10/16 — infrastructure</li></ul>",1,,"Pipes > HDPE Pipes",,,1
simple,KC-PIPE-PVC,"PVC, CPVC & PPR Pipes",1,0,visible,"PVC, CPVC and PPR pressure pipe for plumbing and industrial use.","<ul><li>CPVC Pipe — SCH-80, Spec: ASTM F-44 — brands MT Plast, Sappco, AGM</li><li>PVC Pipe — SCH-40 &amp; SCH-80, Class 2/3/4/5, Spec: BS 3505 &amp; 3506 — brands MT Plast, Sappco, AGM</li><li>PPR Pipe — PN20 &amp; PN25 — brands Aquatherm, KTP, Cosmoplast, Green Pipe</li></ul>",1,,"Pipes > PVC, CPVC & PPR Pipes",,,1
simple,KC-PIPE-CI,"Cast Iron Pipe — Drainage",1,0,visible,"Cast iron drainage pipe, hub & spigot / no-hub.","<ul><li>Hub &amp; Spigot — Spec: ASTM A74</li><li>No Hub &amp; Single Hub — Spec: ASTM A888</li></ul>",1,,"Pipes > Cast Iron Pipes",,,1
simple,KC-FIT-CS,"Carbon Steel Buttweld Fittings",1,0,visible,"Elbows, tees, reducers, caps & more in carbon steel, 1/2"" to 60"".","<ul><li>Types: Elbow 45°/90°, Coupling, End Cap, Equal Tee, Hex Nipple, Union, Reducer Tee, Concentric &amp; Eccentric Reducer</li><li>Standard: ASME B16.9, B16.28</li><li>Schedule: 10, 20, 40, 60, 80, 120, 160 &amp; XXS</li><li>Size: 1/2"" up to 60"" (SMLS / ERW)</li><li>Brands: ERNE, BKL, SKB, Benken, China</li></ul>",1,,"Pipe Fittings > Carbon Steel Fittings",,,1
simple,KC-FIT-SS,"Stainless Steel Buttweld Fittings",1,0,visible,"Elbows, tees, reducers, caps & more in stainless steel, 1/2"" to 60"".","<ul><li>Material: Stainless Steel, Duplex / Super Duplex Steel, Nickel Steel</li><li>Standard: ASME B16.9, B16.28, MSS-SP32/75</li><li>Grade: 304/L – 316/L</li><li>Schedule: 10, 20, 40, 60, 80, 120, 160 &amp; XXS</li><li>Size: 1/2"" up to 60"" (SMLS / ERW)</li><li>Brands: Schulz, ERNE, TK, SKB, DEI</li></ul>",1,,"Pipe Fittings > Stainless Steel Fittings",,,1
simple,KC-FIT-FRG-T,"Forged High Pressure Fittings — Threaded",1,0,visible,"Threaded forged fittings in carbon, alloy & stainless steel. Pressure rating 2000/3000/6000 Lbs.","<ul><li>Types: Elbow 90°/45°, Tee, Cross, Street Elbow, Coupling, Boss, Union, Half Coupling, Reducing Coupling, Cap, Nipple, Hex Bushing, Hex/Square/Round Head Plug, Outlet, Hex Nipple, Swage Nipple, Couplet</li><li>Pressure rating: 2000 / 3000 / 6000 Lbs</li><li>Brands: MEGA, JD, LAME, Bothwell, ULMA</li></ul>",1,,"Pipe Fittings > Forged Fittings",,,1
simple,KC-FIT-FRG-SW,"Forged High Pressure Fittings — Socket Weld",1,0,visible,"Socket-weld forged fittings in carbon, alloy & stainless steel. Pressure rating 3000/6000/9000 Lbs.","<ul><li>Types: Elbow 90°/45°, Tee, Cross, Union, 45° Branch Outlet, Insert, Swage Nipple, Coupling, Half Coupling, Cap, Boss, Outlet, Couplet</li><li>Pressure rating: 3000 / 6000 / 9000 Lbs</li><li>Brands: MEGA, JD, LAME, Bothwell, ULMA</li></ul>",1,,"Pipe Fittings > Forged Fittings",,,1
simple,KC-FIT-CU,"Copper Fittings",1,0,visible,"Solder-fit copper fittings, 1/4"" to 8"".","<ul><li>Types: Elbow 45°/90°, Coupling, Reducer Coupling, Equal Tee, Reducer Tee, Hex Nipple, Plug, Union, Male &amp; Female Adaptor</li><li>Size range: 1/4"" to 8""</li><li>Brands: Mueller, Nibco</li></ul>",1,,"Pipe Fittings > Copper Fittings",,,1
simple,KC-FIT-GRV,"Grooved Fittings",1,0,visible,"Grooved-end fittings & couplings for fire protection and process piping, 1"" to 12"".","<ul><li>Types: Elbow 45°/90°, Coupling, End Cap, Equal Tee, Flanges, Reducer Tee (threaded &amp; welded), Mechanical Tee, Concentric &amp; Eccentric Reducer, Reducer Coupling</li><li>Size range: 1"" to 12""</li><li>Brands: National Grooved, Ducco, Shurefix, Lede, Shur Joint</li></ul>",1,,"Pipe Fittings > Grooved Fittings",,,1
simple,KC-FIT-HDPE,"HDPE Fittings",1,0,visible,"Butt-fusion & electrofusion HDPE fittings, 20mm to 1200mm.","<ul><li>Types: Elbow 45°/90°, Equal Tee, Reducer Tee, Reducer Coupling, Coupling, End Cap, Union, Male/Female Adaptor, Flange, Stub End, Saddle</li><li>Size range: 20mm to 1200mm</li></ul>",1,,"Pipe Fittings > HDPE Fittings",,,1
simple,KC-FIT-PVC,"PVC, CPVC & PPR Fittings",1,0,visible,"Fittings to match our PVC, CPVC and PPR pipe ranges, 1/2"" to 8"".","<ul><li>Types: Elbow 45°/90°, Coupling, Reducer Coupling, Equal Tee, Reducer Tee, End Cap, Union, Male &amp; Female Adaptor, Flanges</li><li>PVC &amp; UPVC: SCH-40, SCH-80, Class 3/4/5, size 1/2"" to 8""</li><li>CPVC: SCH-80, size 1/2"" to 8""</li><li>PPR: SCH-80, size 1/2"" to 8""</li><li>Suppliers: Aplaco, Channel, BPF Fabco, Green Pipes, Al Koblan</li></ul>",1,,"Pipe Fittings > PVC, CPVC & PPR Fittings",,,1
simple,KC-FLG-CS,"Carbon Steel Flanges",1,0,visible,"Slip-on, weld-neck, blind, threaded, orifice, spectacle blind, spade & spacer flanges, 1/2"" to 36"".","<ul><li>Types: Blind, Socket-Weld, Weld Neck, Slip-On, Threaded, Lap-Joint, Spectacle Blind, Orifice</li><li>Class: #150, #300, PN16 &amp; JIS</li><li>Range: 1/2"" – 36""</li><li>Grade: ASTM A105, ASME B16.5</li><li>Brands: ULMA, MGI, Melesis, Metalfar, China</li></ul>",1,,"Flanges > Carbon Steel Flanges",,,1
simple,KC-FLG-SS,"Stainless Steel Flanges",1,0,visible,"Slip-on, weld-neck, blind, threaded, orifice, spectacle blind, spade & spacer flanges, 1/2"" to 36"".","<ul><li>Types: Blind, Socket-Weld, Weld Neck, Slip-On, Threaded, Lap-Joint, Spectacle Blind, Orifice</li><li>Class: #150, #300, PN16 &amp; PN25</li><li>Range: 1/2"" – 36""</li><li>Grade: ASTM A182 F304/F304L &amp; 316/316L, ASME B16.5</li><li>Brands: Viraj, Kofco</li></ul>",1,,"Flanges > Stainless Steel Flanges",,,1
simple,KC-VLV-FCS,"Forged Carbon Steel Valves",1,0,visible,"Gate, check, globe, ball & angle valves, screwed / socket weld / flanged.","<ul><li>Types: Gate, Check, Globe &amp; Ball Valves, Angle Valves, Ystrainer, Storm Valves, Syphon Trap</li><li>Connection: Screwed, Socket Weld, Flanged</li><li>Class: 800#, 1500#, 2500#</li><li>Size range: 1/2"" up to 60""</li><li>Brands: OMB, BFF, IVM, Kitz, L&amp;T, AIL, NEWAY, RUX, APOLLO, DL, AVK</li></ul>",1,,"Valves > General Valves",,,1
simple,KC-VLV-BBC,"Brass, Bronze & Cast Iron Valves",1,0,visible,"Emergency shutoff, pneumatic valves & air vents in brass, bronze and cast iron.","<ul><li>Types: Cast Iron Valves, Emergency Shutoff Valves, Pneumatic Valves, Air Vents</li><li>Connection: Screwed, Socket Weld, Flanged</li><li>Class: 150#, 300#, 600#, 900#</li><li>Size range: 1/2"" up to 60""</li><li>Brands: OMB, BFF, IVM, Kitz, L&amp;T, AIL, NEWAY, RUX, APOLLO, DL, AVK</li></ul>",1,,"Valves > General Valves",,,1
simple,KC-VLV-INST,"Instrument Valves",1,0,visible,"Ball, needle, relief, check, gauge/root and manifold valves for instrumentation.","<ul><li>Range: Ball Valves, Needle Valves, Relief Valves, Check Valves</li><li>Gauge / Root Valves, 2/3/5-Way Manifold Valves</li><li>Double Block &amp; Bleed Valves, Purge &amp; Bleed Valves</li></ul>",1,,"Valves > Instrument Valves",,,1
simple,KC-FAST-01,"Fasteners — Bolts, Nuts & Washers",1,0,visible,"Full range of bolts, nuts, washers and specialty fasteners with industrial coatings.","<ul><li>Types: Bolts, Screws, Nuts, Washers, Rivet, Carriage Bolt, Threaded Bolt, Anchor Bolt, Nail, Hex Key, U-Bolt, Eye Bolt, Sheet Metal Screws, Coupling Nut, Set Screw, Acorn Nut, Flange Nut, Lock Nut</li><li>Standards: ASTM–ASME–AFNOR–BS–DIN–UNI–EN, A105, A307B, A350, A437, A453, A182, A540, A564</li><li>Grades: A193, B5, B6, B7, B7M, B16, Class 1 – B8, B8C, B8M, B8P, B8T, B8LN, B8MLN, Class 1A – B8A, B8CA, B8MA, B8PA, B8TA, B8LNA, B8MLNA, B8NA, B8MNA</li><li>Coatings: Electro zinc plating, Electro cadmium plating, Hot dip galvanizing, PTFE Coating, Phosphate Coating, Electroless Nickel Plating, Zinc nickel coating, Aluminum Coating, Silver Coating, Ceramic Coating</li></ul>",1,,Fasteners,,,1
simple,KC-GSK-01,Gaskets,1,0,visible,"Sheet, spiral-wound, double-jacketed, kammprofile & ring joint gaskets.","<ul><li>Types: Sheet Gaskets, Solid Material Gaskets, Spiral-Wound Gaskets, Double-Jacketed Gaskets, Kammprofile Gaskets, Fishbone Gaskets, Flange Gaskets, Asbestos, Non-Asbestos, Ring Joint</li></ul>",1,,Gaskets,,,1
simple,KC-GAU-PRS,"Pressure Gauges",1,0,visible,"Standard, differential, low range, diaphragm, threaded, flanged & sanitary pressure gauges.","<ul><li>Types: Standard, Differential, Low Range, Diaphragm, Economical, Threaded, Flanged, Sanitary, Customized</li></ul>",1,,"Gauges & Instruments > Pressure Gauges",,,1
simple,KC-GAU-TMP,"Temperature Gauges",1,0,visible,"Bimetal, gas-filled, industrial, bearing & multi-point temperature gauges.","<ul><li>Types: Bimetal, Insert Gas Filled, Industrial, Bearing, Skin Type, Multi-point</li></ul>",1,,"Gauges & Instruments > Temperature Gauges",,,1
simple,KC-GAU-TC,Thermocouples,1,0,visible,"Industrial, bearing, skin type & furnace thermocouples.","<ul><li>Types: Industrial, Bearing, Skin Type, Furnace</li></ul>",1,,"Gauges & Instruments > Thermocouples",,,1
simple,KC-GAU-TW,Thermowells,1,0,visible,"Screwed, flanged, Van Stone & weld-in thermowells.","<ul><li>Types: Screwed, Flanged, Van Stone, Sanitary, Weld-in</li></ul>",1,,"Gauges & Instruments > Thermowells",,,1
simple,KC-GAU-AFR,"Air Filter Regulator",1,0,visible,"Pneumatic air filter/regulator units for instrument air lines.","<ul><li>Combined air filter and pressure regulator for compressed-air instrumentation lines</li></ul>",1,,"Gauges & Instruments > Air Filter Regulator",,,1
simple,KC-OTH-CLAMP,"Stainless Steel Repair Clamp",1,0,visible,"Full-circle stainless steel pipe repair clamp for emergency leak repair.","<ul><li>Stainless steel repair clamp for pipeline leak repair and reinforcement</li></ul>",1,,"Other Products",,,1
simple,KC-OTH-ADAPT,"Flange Adapter",1,0,visible,"Flange adapters for connecting plain-end pipe to flanged fittings/valves.","<ul><li>Flange adapter for plain-end pipe to flanged connections</li></ul>",1,,"Other Products",,,1
simple,KC-OTH-FLEX,"Flexible Connector",1,0,visible,"Rubber flexible connectors for absorbing vibration and movement in piping.","<ul><li>Flexible rubber pipe connector / expansion joint</li></ul>",1,,"Other Products",,,1
simple,KC-OTH-TCRJ,"Thread Connector Rubber Joint",1,0,visible,"Braided flexible hose with threaded connectors.","<ul><li>Stainless braided flexible joint with threaded end connections</li></ul>",1,,"Other Products",,,1
simple,KC-OTH-PLUG,"Test Plug",1,0,visible,"Mechanical test plugs for pipeline pressure testing.","<ul><li>Mechanical test plugs, multiple sizes, for pipeline pressure testing</li></ul>",1,,"Other Products",,,1
simple,KC-OTH-CAM,"Cam Lock Couplings",1,0,visible,"Quick-connect cam & groove couplings for hose lines.","<ul><li>Cam and groove quick-connect couplings for hose and transfer lines</li></ul>",1,,"Other Products",,,1
simple,KC-OTH-BRASS,"Brass Pipe Fittings",1,0,visible,"General purpose brass pipe fittings.","<ul><li>Brass pipe fittings — elbows, tees, couplings, adaptors</li></ul>",1,,"Other Products",,,1
simple,KC-OTH-TUBE,"Tube Fittings",1,0,visible,"Compression tube fittings for instrumentation lines.","<ul><li>Brass/steel compression tube fittings for instrument tubing</li></ul>",1,,"Other Products",,,1
simple,KC-OTH-SPRK,"Automatic Sprinklers",1,0,visible,"Fire protection automatic sprinkler heads.","<ul><li>Automatic fire sprinkler heads for fire protection systems</li></ul>",1,,"Other Products",,,1
simple,KC-OTH-VENT,"Automatic Air Vent",1,0,visible,"Automatic air release valves for hydronic/water systems.","<ul><li>Automatic air vent valve for water and hydronic piping systems</li></ul>",1,,"Other Products",,,1
simple,KC-OTH-NOHUB,"No Hub Coupling",1,0,visible,"Stainless steel shielded couplings for cast-iron drainage pipe.","<ul><li>No-hub stainless steel shielded coupling for cast iron drainage pipe, per ASTM A888</li></ul>",1,,"Other Products",,,1
simple,KC-OTH-ANKLE,"Ankle Valve",1,0,visible,"Brass angle/ankle valve for fire hose connections.","<ul><li>Brass angle valve (fire hose landing valve)</li></ul>",1,,"Other Products",,,1
